Modelo,Accuracy,F1-Macro,Precision,Recall,Tiempo (s)
SVM Linear,0.8235555555555556,0.7546933530523663,0.7441351785900363,0.7677286243065276,2.983370065689087
Random Forest,0.8284444444444444,0.7122575592553663,0.7970259434429993,0.6564897826867602,17.804598093032837
Logistic Regression,0.7768888888888889,0.6905354217828756,0.6357496350742827,0.7918690686563201,5.143690347671509
Naive Bayes,0.7831111111111111,0.524271270481902,0.6310051875964954,0.4993881402664705,0.011266708374023438
