Ranking,Modelo,Accuracy,Precision,Recall,F1-Macro,Tiempo (s)
1,SVM Linear,0.8222222222222222,0.744992615578755,0.7666809325957818,0.7545387488997464,2.7834019660949707
2,MLP,0.8024444444444444,0.7110476818169262,0.7434645863860347,0.7244828488019176,9.686586856842041
3,Random Forest,0.8251111111111111,0.7942425977088363,0.6483921870316018,0.7064641654804364,3.75972580909729
4,Logistic Regression,0.7777777777777778,0.6360987143353757,0.7911851896657662,0.6906975733537253,14.464779138565063
5,LSTM,0.7848888888888889,0.6544481022775834,0.7397369716525981,0.6904961243228305,10.006108283996582
6,CNN 1D,0.772,0.5861378477570405,0.7675252931582841,0.6451801221923877,8.278032064437866
7,Naive Bayes,0.7831111111111111,0.6310051875964954,0.4993881402664705,0.524271270481902,0.016068458557128906
